cp,lowerCrI,upperCrI
4.23175477981567,4.13125038146973,4.33225917816162
5.71286869049072,5.37764596939087,5.90430879592896
9.94462394714355,8.66230392456055,12.5549583435059
6.98239517211914,6.63778114318848,8.04482650756836
44.0102500915527,40.3711090087891,44.429386138916
35.9699172973633,27.2997226715088,39.690803527832
