cp,lowerCrI,upperCrI
4.23175477981567,4.13125038146973,4.33227157592773
5.71286869049072,5.49853372573853,6.12908458709717
9.94462394714355,8.69365787506104,13.4174842834473
36.2873001098633,24.8163547515869,37.1703605651855
