Model,WAIC,SE_WAIC,Weight,ELPD_DIFF,SE_ELPD_DIFF
Magnet mean (scaled) + Perspective-taking aggregate (scaled),193.023679232357,15.0955564488851,0.901145033670206,0,0
Magnet mean (scaled),198.061063540012,16.055098034478,0.0726006634699848,-2.51869215382736,2.80331820134457
Magnet mean (scaled) + ToM aggregate (scaled),200.125489147732,15.9420550474507,0.0258616520746562,-3.55090495768734,2.50747411108029
Perspective-taking aggregate (scaled),208.667977986434,13.4642828307865,0.000361142319059848,-7.8221493770382,3.03729845777341
Null model with Age (scaled),214.234273819502,14.0685344044582,0.0000223343130960065,-10.6052972935724,3.78483335115402
ToM aggregate (scaled),216.013742072381,13.8734024988075,0.00000917415299714522,-11.4950314200117,3.50292785750007
