Model,WAIC,SE_WAIC,Weight,ELPD_DIFF,SE_ELPD_DIFF
Magnet mean (scaled) + Perspective-taking aggregate (scaled),200.805918564691,16.2097509966694,0.926846077898576,0,0
Magnet mean (scaled),206.619619585786,16.8945638386319,0.050649886912756,-2.90685051054703,2.65602529732038
Magnet mean (scaled) + ToM aggregate (scaled),208.576556492621,16.8262284345963,0.01903860090066,-3.88531896396466,2.3952409837399
Perspective-taking aggregate (scaled),212.086366734047,15.4614094306871,0.00329222432790498,-5.64022408467755,2.49172750442425
Null model with Age (scaled),218.723618284262,15.9900487151292,0.000119186909350651,-8.9588498597852,3.37794693638485
ToM aggregate (scaled),220.306182497151,15.7694783910569,0.0000540230507526255,-9.75013196622957,3.10050518796469
